﻿<?xml version="1.0" encoding="utf-8"?><DEFECTS><DEFECT>
    <SFA>
      <FILEPATH>E:\我的文档\学习\暨南大学\学术文件\第二学期\数据结构\C程序\ConsoleApplication31\ConsoleApplication31\</FILEPATH>
      <FILENAME>ConsoleApplication31.cpp</FILENAME>
      <LINE>108</LINE>
      <COLUMN>5</COLUMN>
    </SFA>
    <DEFECTCODE>6385</DEFECTCODE>
    <DESCRIPTION>从“Path”中读取的数据无效: 可读大小为“28”个字节，但可能读取了“-4”个字节。</DESCRIPTION>
    <FUNCTION>ShortestPath_DIJ</FUNCTION>
    <DECORATED>?ShortestPath_DIJ@@YAXUAMGraph@@H@Z</DECORATED>
    <FUNCLINE>51</FUNCLINE>
    <PROBABILITY>1</PROBABILITY>
    <RANK>4</RANK>
    <CATEGORY>
      <RULECATEGORY>mspft</RULECATEGORY>
    </CATEGORY>
    <PATH>
      <SFA>
        <FILEPATH>E:\我的文档\学习\暨南大学\学术文件\第二学期\数据结构\C程序\ConsoleApplication31\ConsoleApplication31\</FILEPATH>
        <FILENAME>ConsoleApplication31.cpp</FILENAME>
        <LINE>53</LINE>
        <COLUMN>5</COLUMN>
      </SFA>
      <SFA>
        <FILEPATH>E:\我的文档\学习\暨南大学\学术文件\第二学期\数据结构\C程序\ConsoleApplication31\ConsoleApplication31\</FILEPATH>
        <FILENAME>ConsoleApplication31.cpp</FILENAME>
        <LINE>53</LINE>
        <COLUMN>8</COLUMN>
      </SFA>
      <SFA>
        <FILEPATH>E:\我的文档\学习\暨南大学\学术文件\第二学期\数据结构\C程序\ConsoleApplication31\ConsoleApplication31\</FILEPATH>
        <FILENAME>ConsoleApplication31.cpp</FILENAME>
        <LINE>53</LINE>
        <COLUMN>11</COLUMN>
      </SFA>
      <SFA>
        <FILEPATH>E:\我的文档\学习\暨南大学\学术文件\第二学期\数据结构\C程序\ConsoleApplication31\ConsoleApplication31\</FILEPATH>
        <FILENAME>ConsoleApplication31.cpp</FILENAME>
        <LINE>53</LINE>
        <COLUMN>14</COLUMN>
      </SFA>
      <SFA>
        <FILEPATH>E:\我的文档\学习\暨南大学\学术文件\第二学期\数据结构\C程序\ConsoleApplication31\ConsoleApplication31\</FILEPATH>
        <FILENAME>ConsoleApplication31.cpp</FILENAME>
        <LINE>53</LINE>
        <COLUMN>17</COLUMN>
      </SFA>
      <SFA>
        <FILEPATH>E:\我的文档\学习\暨南大学\学术文件\第二学期\数据结构\C程序\ConsoleApplication31\ConsoleApplication31\</FILEPATH>
        <FILENAME>ConsoleApplication31.cpp</FILENAME>
        <LINE>53</LINE>
        <COLUMN>20</COLUMN>
      </SFA>
      <SFA>
        <FILEPATH>E:\我的文档\学习\暨南大学\学术文件\第二学期\数据结构\C程序\ConsoleApplication31\ConsoleApplication31\</FILEPATH>
        <FILENAME>ConsoleApplication31.cpp</FILENAME>
        <LINE>53</LINE>
        <COLUMN>23</COLUMN>
      </SFA>
      <SFA>
        <FILEPATH>E:\我的文档\学习\暨南大学\学术文件\第二学期\数据结构\C程序\ConsoleApplication31\ConsoleApplication31\</FILEPATH>
        <FILENAME>ConsoleApplication31.cpp</FILENAME>
        <LINE>53</LINE>
        <COLUMN>28</COLUMN>
        <KEYEVENT>
          <ID>1</ID>
          <KIND>声明</KIND>
          <IMPORTANCE>Essential</IMPORTANCE>
          <MESSAGE>“Path”是一个 7 元素数组(28 字节)</MESSAGE>
        </KEYEVENT>
      </SFA>
      <SFA>
        <FILEPATH>E:\我的文档\学习\暨南大学\学术文件\第二学期\数据结构\C程序\ConsoleApplication31\ConsoleApplication31\</FILEPATH>
        <FILENAME>ConsoleApplication31.cpp</FILENAME>
        <LINE>53</LINE>
        <COLUMN>45</COLUMN>
      </SFA>
      <SFA>
        <FILEPATH>E:\我的文档\学习\暨南大学\学术文件\第二学期\数据结构\C程序\ConsoleApplication31\ConsoleApplication31\</FILEPATH>
        <FILENAME>ConsoleApplication31.cpp</FILENAME>
        <LINE>53</LINE>
        <COLUMN>59</COLUMN>
      </SFA>
      <SFA>
        <FILEPATH>E:\我的文档\学习\暨南大学\学术文件\第二学期\数据结构\C程序\ConsoleApplication31\ConsoleApplication31\</FILEPATH>
        <FILENAME>ConsoleApplication31.cpp</FILENAME>
        <LINE>53</LINE>
        <COLUMN>73</COLUMN>
      </SFA>
      <SFA>
        <FILEPATH>E:\我的文档\学习\暨南大学\学术文件\第二学期\数据结构\C程序\ConsoleApplication31\ConsoleApplication31\</FILEPATH>
        <FILENAME>ConsoleApplication31.cpp</FILENAME>
        <LINE>54</LINE>
        <COLUMN>3</COLUMN>
      </SFA>
      <SFA>
        <FILEPATH>E:\我的文档\学习\暨南大学\学术文件\第二学期\数据结构\C程序\ConsoleApplication31\ConsoleApplication31\</FILEPATH>
        <FILENAME>ConsoleApplication31.cpp</FILENAME>
        <LINE>54</LINE>
        <COLUMN>17</COLUMN>
      </SFA>
      <SFA>
        <FILEPATH>E:\我的文档\学习\暨南大学\学术文件\第二学期\数据结构\C程序\ConsoleApplication31\ConsoleApplication31\</FILEPATH>
        <FILENAME>ConsoleApplication31.cpp</FILENAME>
        <LINE>55</LINE>
        <COLUMN>8</COLUMN>
      </SFA>
      <SFA>
        <FILEPATH>E:\我的文档\学习\暨南大学\学术文件\第二学期\数据结构\C程序\ConsoleApplication31\ConsoleApplication31\</FILEPATH>
        <FILENAME>ConsoleApplication31.cpp</FILENAME>
        <LINE>55</LINE>
        <COLUMN>15</COLUMN>
        <KEYEVENT>
          <ID>2</ID>
          <KIND>分支</KIND>
          <IMPORTANCE>Full</IMPORTANCE>
          <MESSAGE>进入此循环(假定“v&lt;n”)</MESSAGE>
        </KEYEVENT>
      </SFA>
      <SFA>
        <FILEPATH>E:\我的文档\学习\暨南大学\学术文件\第二学期\数据结构\C程序\ConsoleApplication31\ConsoleApplication31\</FILEPATH>
        <FILENAME>ConsoleApplication31.cpp</FILENAME>
        <LINE>57</LINE>
        <COLUMN>7</COLUMN>
      </SFA>
      <SFA>
        <FILEPATH>E:\我的文档\学习\暨南大学\学术文件\第二学期\数据结构\C程序\ConsoleApplication31\ConsoleApplication31\</FILEPATH>
        <FILENAME>ConsoleApplication31.cpp</FILENAME>
        <LINE>58</LINE>
        <COLUMN>7</COLUMN>
      </SFA>
      <SFA>
        <FILEPATH>E:\我的文档\学习\暨南大学\学术文件\第二学期\数据结构\C程序\ConsoleApplication31\ConsoleApplication31\</FILEPATH>
        <FILENAME>ConsoleApplication31.cpp</FILENAME>
        <LINE>59</LINE>
        <COLUMN>11</COLUMN>
      </SFA>
      <SFA>
        <FILEPATH>E:\我的文档\学习\暨南大学\学术文件\第二学期\数据结构\C程序\ConsoleApplication31\ConsoleApplication31\</FILEPATH>
        <FILENAME>ConsoleApplication31.cpp</FILENAME>
        <LINE>62</LINE>
        <COLUMN>11</COLUMN>
      </SFA>
      <SFA>
        <FILEPATH>E:\我的文档\学习\暨南大学\学术文件\第二学期\数据结构\C程序\ConsoleApplication31\ConsoleApplication31\</FILEPATH>
        <FILENAME>ConsoleApplication31.cpp</FILENAME>
        <LINE>55</LINE>
        <COLUMN>20</COLUMN>
      </SFA>
      <SFA>
        <FILEPATH>E:\我的文档\学习\暨南大学\学术文件\第二学期\数据结构\C程序\ConsoleApplication31\ConsoleApplication31\</FILEPATH>
        <FILENAME>ConsoleApplication31.cpp</FILENAME>
        <LINE>55</LINE>
        <COLUMN>15</COLUMN>
        <KEYEVENT>
          <ID>3</ID>
          <KIND>分支</KIND>
          <IMPORTANCE>Full</IMPORTANCE>
          <MESSAGE>退出此循环(“v&lt;n”为 false)</MESSAGE>
        </KEYEVENT>
      </SFA>
      <SFA>
        <FILEPATH>E:\我的文档\学习\暨南大学\学术文件\第二学期\数据结构\C程序\ConsoleApplication31\ConsoleApplication31\</FILEPATH>
        <FILENAME>ConsoleApplication31.cpp</FILENAME>
        <LINE>64</LINE>
        <COLUMN>7</COLUMN>
      </SFA>
      <SFA>
        <FILEPATH>E:\我的文档\学习\暨南大学\学术文件\第二学期\数据结构\C程序\ConsoleApplication31\ConsoleApplication31\</FILEPATH>
        <FILENAME>ConsoleApplication31.cpp</FILENAME>
        <LINE>65</LINE>
        <COLUMN>7</COLUMN>
      </SFA>
      <SFA>
        <FILEPATH>E:\我的文档\学习\暨南大学\学术文件\第二学期\数据结构\C程序\ConsoleApplication31\ConsoleApplication31\</FILEPATH>
        <FILENAME>ConsoleApplication31.cpp</FILENAME>
        <LINE>68</LINE>
        <COLUMN>8</COLUMN>
      </SFA>
      <SFA>
        <FILEPATH>E:\我的文档\学习\暨南大学\学术文件\第二学期\数据结构\C程序\ConsoleApplication31\ConsoleApplication31\</FILEPATH>
        <FILENAME>ConsoleApplication31.cpp</FILENAME>
        <LINE>68</LINE>
        <COLUMN>15</COLUMN>
        <KEYEVENT>
          <ID>4</ID>
          <KIND>分支</KIND>
          <IMPORTANCE>Full</IMPORTANCE>
          <MESSAGE>跳过此循环(假定“i&lt;n”为 false)</MESSAGE>
        </KEYEVENT>
      </SFA>
      <SFA>
        <FILEPATH>E:\我的文档\学习\暨南大学\学术文件\第二学期\数据结构\C程序\ConsoleApplication31\ConsoleApplication31\</FILEPATH>
        <FILENAME>ConsoleApplication31.cpp</FILENAME>
        <LINE>87</LINE>
        <COLUMN>8</COLUMN>
      </SFA>
      <SFA>
        <FILEPATH>E:\我的文档\学习\暨南大学\学术文件\第二学期\数据结构\C程序\ConsoleApplication31\ConsoleApplication31\</FILEPATH>
        <FILENAME>ConsoleApplication31.cpp</FILENAME>
        <LINE>87</LINE>
        <COLUMN>15</COLUMN>
      </SFA>
      <SFA>
        <FILEPATH>E:\我的文档\学习\暨南大学\学术文件\第二学期\数据结构\C程序\ConsoleApplication31\ConsoleApplication31\</FILEPATH>
        <FILENAME>ConsoleApplication31.cpp</FILENAME>
        <LINE>88</LINE>
        <COLUMN>14</COLUMN>
      </SFA>
      <SFA>
        <FILEPATH>E:\我的文档\学习\暨南大学\学术文件\第二学期\数据结构\C程序\ConsoleApplication31\ConsoleApplication31\</FILEPATH>
        <FILENAME>ConsoleApplication31.cpp</FILENAME>
        <LINE>89</LINE>
        <COLUMN>11</COLUMN>
      </SFA>
      <SFA>
        <FILEPATH>E:\我的文档\学习\暨南大学\学术文件\第二学期\数据结构\C程序\ConsoleApplication31\ConsoleApplication31\</FILEPATH>
        <FILENAME>ConsoleApplication31.cpp</FILENAME>
        <LINE>87</LINE>
        <COLUMN>21</COLUMN>
      </SFA>
      <SFA>
        <FILEPATH>E:\我的文档\学习\暨南大学\学术文件\第二学期\数据结构\C程序\ConsoleApplication31\ConsoleApplication31\</FILEPATH>
        <FILENAME>ConsoleApplication31.cpp</FILENAME>
        <LINE>87</LINE>
        <COLUMN>15</COLUMN>
      </SFA>
      <SFA>
        <FILEPATH>E:\我的文档\学习\暨南大学\学术文件\第二学期\数据结构\C程序\ConsoleApplication31\ConsoleApplication31\</FILEPATH>
        <FILENAME>ConsoleApplication31.cpp</FILENAME>
        <LINE>90</LINE>
        <COLUMN>8</COLUMN>
      </SFA>
      <SFA>
        <FILEPATH>E:\我的文档\学习\暨南大学\学术文件\第二学期\数据结构\C程序\ConsoleApplication31\ConsoleApplication31\</FILEPATH>
        <FILENAME>ConsoleApplication31.cpp</FILENAME>
        <LINE>90</LINE>
        <COLUMN>15</COLUMN>
        <KEYEVENT>
          <ID>5</ID>
          <KIND>分支</KIND>
          <IMPORTANCE>Full</IMPORTANCE>
          <MESSAGE>进入此循环(假定“i&lt;j”)</MESSAGE>
        </KEYEVENT>
      </SFA>
      <SFA>
        <FILEPATH>E:\我的文档\学习\暨南大学\学术文件\第二学期\数据结构\C程序\ConsoleApplication31\ConsoleApplication31\</FILEPATH>
        <FILENAME>ConsoleApplication31.cpp</FILENAME>
        <LINE>91</LINE>
        <COLUMN>11</COLUMN>
      </SFA>
      <SFA>
        <FILEPATH>E:\我的文档\学习\暨南大学\学术文件\第二学期\数据结构\C程序\ConsoleApplication31\ConsoleApplication31\</FILEPATH>
        <FILENAME>ConsoleApplication31.cpp</FILENAME>
        <LINE>91</LINE>
        <COLUMN>20</COLUMN>
        <KEYEVENT>
          <ID>6</ID>
          <KIND>分支</KIND>
          <IMPORTANCE>Full</IMPORTANCE>
          <MESSAGE>进入此循环(假定“u&lt;j”)</MESSAGE>
        </KEYEVENT>
      </SFA>
      <SFA>
        <FILEPATH>E:\我的文档\学习\暨南大学\学术文件\第二学期\数据结构\C程序\ConsoleApplication31\ConsoleApplication31\</FILEPATH>
        <FILENAME>ConsoleApplication31.cpp</FILENAME>
        <LINE>92</LINE>
        <COLUMN>15</COLUMN>
        <KEYEVENT>
          <ID>7</ID>
          <KIND>分支</KIND>
          <IMPORTANCE>Full</IMPORTANCE>
          <MESSAGE>跳过此分支(假定“D[a[i]]&lt;D[a[u]]”为 false)</MESSAGE>
        </KEYEVENT>
      </SFA>
      <SFA>
        <FILEPATH>E:\我的文档\学习\暨南大学\学术文件\第二学期\数据结构\C程序\ConsoleApplication31\ConsoleApplication31\</FILEPATH>
        <FILENAME>ConsoleApplication31.cpp</FILENAME>
        <LINE>91</LINE>
        <COLUMN>26</COLUMN>
      </SFA>
      <SFA>
        <FILEPATH>E:\我的文档\学习\暨南大学\学术文件\第二学期\数据结构\C程序\ConsoleApplication31\ConsoleApplication31\</FILEPATH>
        <FILENAME>ConsoleApplication31.cpp</FILENAME>
        <LINE>91</LINE>
        <COLUMN>20</COLUMN>
        <KEYEVENT>
          <ID>8</ID>
          <KIND>分支</KIND>
          <IMPORTANCE>Full</IMPORTANCE>
          <MESSAGE>退出此循环(“u&lt;j”为 false)</MESSAGE>
        </KEYEVENT>
      </SFA>
      <SFA>
        <FILEPATH>E:\我的文档\学习\暨南大学\学术文件\第二学期\数据结构\C程序\ConsoleApplication31\ConsoleApplication31\</FILEPATH>
        <FILENAME>ConsoleApplication31.cpp</FILENAME>
        <LINE>90</LINE>
        <COLUMN>21</COLUMN>
      </SFA>
      <SFA>
        <FILEPATH>E:\我的文档\学习\暨南大学\学术文件\第二学期\数据结构\C程序\ConsoleApplication31\ConsoleApplication31\</FILEPATH>
        <FILENAME>ConsoleApplication31.cpp</FILENAME>
        <LINE>90</LINE>
        <COLUMN>15</COLUMN>
        <KEYEVENT>
          <ID>9</ID>
          <KIND>分支</KIND>
          <IMPORTANCE>Full</IMPORTANCE>
          <MESSAGE>退出此循环(“i&lt;j”为 false)</MESSAGE>
        </KEYEVENT>
      </SFA>
      <SFA>
        <FILEPATH>E:\我的文档\学习\暨南大学\学术文件\第二学期\数据结构\C程序\ConsoleApplication31\ConsoleApplication31\</FILEPATH>
        <FILENAME>ConsoleApplication31.cpp</FILENAME>
        <LINE>98</LINE>
        <COLUMN>75</COLUMN>
      </SFA>
      <SFA>
        <FILEPATH>E:\我的文档\学习\暨南大学\学术文件\第二学期\数据结构\C程序\ConsoleApplication31\ConsoleApplication31\</FILEPATH>
        <FILENAME>ConsoleApplication31.cpp</FILENAME>
        <LINE>99</LINE>
        <COLUMN>32</COLUMN>
      </SFA>
      <SFA>
        <FILEPATH>E:\我的文档\学习\暨南大学\学术文件\第二学期\数据结构\C程序\ConsoleApplication31\ConsoleApplication31\</FILEPATH>
        <FILENAME>ConsoleApplication31.cpp</FILENAME>
        <LINE>100</LINE>
        <COLUMN>8</COLUMN>
      </SFA>
      <SFA>
        <FILEPATH>E:\我的文档\学习\暨南大学\学术文件\第二学期\数据结构\C程序\ConsoleApplication31\ConsoleApplication31\</FILEPATH>
        <FILENAME>ConsoleApplication31.cpp</FILENAME>
        <LINE>100</LINE>
        <COLUMN>15</COLUMN>
        <KEYEVENT>
          <ID>10</ID>
          <KIND>分支</KIND>
          <IMPORTANCE>Full</IMPORTANCE>
          <MESSAGE>进入此循环(假定“i&lt;j”)</MESSAGE>
        </KEYEVENT>
      </SFA>
      <SFA>
        <FILEPATH>E:\我的文档\学习\暨南大学\学术文件\第二学期\数据结构\C程序\ConsoleApplication31\ConsoleApplication31\</FILEPATH>
        <FILENAME>ConsoleApplication31.cpp</FILENAME>
        <LINE>102</LINE>
        <COLUMN>8</COLUMN>
      </SFA>
      <SFA>
        <FILEPATH>E:\我的文档\学习\暨南大学\学术文件\第二学期\数据结构\C程序\ConsoleApplication31\ConsoleApplication31\</FILEPATH>
        <FILENAME>ConsoleApplication31.cpp</FILENAME>
        <LINE>103</LINE>
        <COLUMN>8</COLUMN>
      </SFA>
      <SFA>
        <FILEPATH>E:\我的文档\学习\暨南大学\学术文件\第二学期\数据结构\C程序\ConsoleApplication31\ConsoleApplication31\</FILEPATH>
        <FILENAME>ConsoleApplication31.cpp</FILENAME>
        <LINE>104</LINE>
        <COLUMN>4</COLUMN>
        <KEYEVENT>
          <ID>11</ID>
          <KIND>声明</KIND>
          <IMPORTANCE>Essential</IMPORTANCE>
          <MESSAGE>“v”可能等于 -1</MESSAGE>
        </KEYEVENT>
      </SFA>
      <SFA>
        <FILEPATH>E:\我的文档\学习\暨南大学\学术文件\第二学期\数据结构\C程序\ConsoleApplication31\ConsoleApplication31\</FILEPATH>
        <FILENAME>ConsoleApplication31.cpp</FILENAME>
        <LINE>105</LINE>
        <COLUMN>11</COLUMN>
        <KEYEVENT>
          <ID>12</ID>
          <KIND>分支</KIND>
          <IMPORTANCE>Full</IMPORTANCE>
          <MESSAGE>进入此循环(假定“v!=0”)</MESSAGE>
        </KEYEVENT>
      </SFA>
      <SFA>
        <FILEPATH>E:\我的文档\学习\暨南大学\学术文件\第二学期\数据结构\C程序\ConsoleApplication31\ConsoleApplication31\</FILEPATH>
        <FILENAME>ConsoleApplication31.cpp</FILENAME>
        <LINE>107</LINE>
        <COLUMN>16</COLUMN>
      </SFA>
      <SFA>
        <FILEPATH>E:\我的文档\学习\暨南大学\学术文件\第二学期\数据结构\C程序\ConsoleApplication31\ConsoleApplication31\</FILEPATH>
        <FILENAME>ConsoleApplication31.cpp</FILENAME>
        <LINE>108</LINE>
        <COLUMN>5</COLUMN>
        <KEYEVENT>
          <ID>13</ID>
          <KIND>使用情况</KIND>
          <IMPORTANCE>Essential</IMPORTANCE>
          <MESSAGE>从“Path[-1]”中读取无效(可读范围是 0 到 6)</MESSAGE>
        </KEYEVENT>
      </SFA>
    </PATH>
  </DEFECT><DEFECT>
    <SFA>
      <FILEPATH>E:\我的文档\学习\暨南大学\学术文件\第二学期\数据结构\C程序\ConsoleApplication31\ConsoleApplication31\</FILEPATH>
      <FILENAME>ConsoleApplication31.cpp</FILENAME>
      <LINE>107</LINE>
      <COLUMN>16</COLUMN>
    </SFA>
    <DEFECTCODE>6385</DEFECTCODE>
    <DESCRIPTION>从“G.vexs”中读取的数据无效: 可读大小为“50”个字节，但可能读取了“-1”个字节。</DESCRIPTION>
    <FUNCTION>ShortestPath_DIJ</FUNCTION>
    <DECORATED>?ShortestPath_DIJ@@YAXUAMGraph@@H@Z</DECORATED>
    <FUNCLINE>51</FUNCLINE>
    <PROBABILITY>1</PROBABILITY>
    <RANK>4</RANK>
    <CATEGORY>
      <RULECATEGORY>mspft</RULECATEGORY>
    </CATEGORY>
    <PATH>
      <SFA>
        <FILEPATH>E:\我的文档\学习\暨南大学\学术文件\第二学期\数据结构\C程序\ConsoleApplication31\ConsoleApplication31\</FILEPATH>
        <FILENAME>ConsoleApplication31.cpp</FILENAME>
        <LINE>53</LINE>
        <COLUMN>5</COLUMN>
      </SFA>
      <SFA>
        <FILEPATH>E:\我的文档\学习\暨南大学\学术文件\第二学期\数据结构\C程序\ConsoleApplication31\ConsoleApplication31\</FILEPATH>
        <FILENAME>ConsoleApplication31.cpp</FILENAME>
        <LINE>53</LINE>
        <COLUMN>8</COLUMN>
      </SFA>
      <SFA>
        <FILEPATH>E:\我的文档\学习\暨南大学\学术文件\第二学期\数据结构\C程序\ConsoleApplication31\ConsoleApplication31\</FILEPATH>
        <FILENAME>ConsoleApplication31.cpp</FILENAME>
        <LINE>53</LINE>
        <COLUMN>11</COLUMN>
      </SFA>
      <SFA>
        <FILEPATH>E:\我的文档\学习\暨南大学\学术文件\第二学期\数据结构\C程序\ConsoleApplication31\ConsoleApplication31\</FILEPATH>
        <FILENAME>ConsoleApplication31.cpp</FILENAME>
        <LINE>53</LINE>
        <COLUMN>14</COLUMN>
      </SFA>
      <SFA>
        <FILEPATH>E:\我的文档\学习\暨南大学\学术文件\第二学期\数据结构\C程序\ConsoleApplication31\ConsoleApplication31\</FILEPATH>
        <FILENAME>ConsoleApplication31.cpp</FILENAME>
        <LINE>53</LINE>
        <COLUMN>17</COLUMN>
      </SFA>
      <SFA>
        <FILEPATH>E:\我的文档\学习\暨南大学\学术文件\第二学期\数据结构\C程序\ConsoleApplication31\ConsoleApplication31\</FILEPATH>
        <FILENAME>ConsoleApplication31.cpp</FILENAME>
        <LINE>53</LINE>
        <COLUMN>20</COLUMN>
      </SFA>
      <SFA>
        <FILEPATH>E:\我的文档\学习\暨南大学\学术文件\第二学期\数据结构\C程序\ConsoleApplication31\ConsoleApplication31\</FILEPATH>
        <FILENAME>ConsoleApplication31.cpp</FILENAME>
        <LINE>53</LINE>
        <COLUMN>23</COLUMN>
      </SFA>
      <SFA>
        <FILEPATH>E:\我的文档\学习\暨南大学\学术文件\第二学期\数据结构\C程序\ConsoleApplication31\ConsoleApplication31\</FILEPATH>
        <FILENAME>ConsoleApplication31.cpp</FILENAME>
        <LINE>53</LINE>
        <COLUMN>28</COLUMN>
      </SFA>
      <SFA>
        <FILEPATH>E:\我的文档\学习\暨南大学\学术文件\第二学期\数据结构\C程序\ConsoleApplication31\ConsoleApplication31\</FILEPATH>
        <FILENAME>ConsoleApplication31.cpp</FILENAME>
        <LINE>53</LINE>
        <COLUMN>45</COLUMN>
      </SFA>
      <SFA>
        <FILEPATH>E:\我的文档\学习\暨南大学\学术文件\第二学期\数据结构\C程序\ConsoleApplication31\ConsoleApplication31\</FILEPATH>
        <FILENAME>ConsoleApplication31.cpp</FILENAME>
        <LINE>53</LINE>
        <COLUMN>59</COLUMN>
      </SFA>
      <SFA>
        <FILEPATH>E:\我的文档\学习\暨南大学\学术文件\第二学期\数据结构\C程序\ConsoleApplication31\ConsoleApplication31\</FILEPATH>
        <FILENAME>ConsoleApplication31.cpp</FILENAME>
        <LINE>53</LINE>
        <COLUMN>73</COLUMN>
      </SFA>
      <SFA>
        <FILEPATH>E:\我的文档\学习\暨南大学\学术文件\第二学期\数据结构\C程序\ConsoleApplication31\ConsoleApplication31\</FILEPATH>
        <FILENAME>ConsoleApplication31.cpp</FILENAME>
        <LINE>54</LINE>
        <COLUMN>3</COLUMN>
      </SFA>
      <SFA>
        <FILEPATH>E:\我的文档\学习\暨南大学\学术文件\第二学期\数据结构\C程序\ConsoleApplication31\ConsoleApplication31\</FILEPATH>
        <FILENAME>ConsoleApplication31.cpp</FILENAME>
        <LINE>54</LINE>
        <COLUMN>17</COLUMN>
      </SFA>
      <SFA>
        <FILEPATH>E:\我的文档\学习\暨南大学\学术文件\第二学期\数据结构\C程序\ConsoleApplication31\ConsoleApplication31\</FILEPATH>
        <FILENAME>ConsoleApplication31.cpp</FILENAME>
        <LINE>55</LINE>
        <COLUMN>8</COLUMN>
      </SFA>
      <SFA>
        <FILEPATH>E:\我的文档\学习\暨南大学\学术文件\第二学期\数据结构\C程序\ConsoleApplication31\ConsoleApplication31\</FILEPATH>
        <FILENAME>ConsoleApplication31.cpp</FILENAME>
        <LINE>55</LINE>
        <COLUMN>15</COLUMN>
        <KEYEVENT>
          <ID>1</ID>
          <KIND>分支</KIND>
          <IMPORTANCE>Full</IMPORTANCE>
          <MESSAGE>进入此循环(假定“v&lt;n”)</MESSAGE>
        </KEYEVENT>
      </SFA>
      <SFA>
        <FILEPATH>E:\我的文档\学习\暨南大学\学术文件\第二学期\数据结构\C程序\ConsoleApplication31\ConsoleApplication31\</FILEPATH>
        <FILENAME>ConsoleApplication31.cpp</FILENAME>
        <LINE>57</LINE>
        <COLUMN>7</COLUMN>
      </SFA>
      <SFA>
        <FILEPATH>E:\我的文档\学习\暨南大学\学术文件\第二学期\数据结构\C程序\ConsoleApplication31\ConsoleApplication31\</FILEPATH>
        <FILENAME>ConsoleApplication31.cpp</FILENAME>
        <LINE>58</LINE>
        <COLUMN>7</COLUMN>
      </SFA>
      <SFA>
        <FILEPATH>E:\我的文档\学习\暨南大学\学术文件\第二学期\数据结构\C程序\ConsoleApplication31\ConsoleApplication31\</FILEPATH>
        <FILENAME>ConsoleApplication31.cpp</FILENAME>
        <LINE>59</LINE>
        <COLUMN>11</COLUMN>
      </SFA>
      <SFA>
        <FILEPATH>E:\我的文档\学习\暨南大学\学术文件\第二学期\数据结构\C程序\ConsoleApplication31\ConsoleApplication31\</FILEPATH>
        <FILENAME>ConsoleApplication31.cpp</FILENAME>
        <LINE>62</LINE>
        <COLUMN>11</COLUMN>
      </SFA>
      <SFA>
        <FILEPATH>E:\我的文档\学习\暨南大学\学术文件\第二学期\数据结构\C程序\ConsoleApplication31\ConsoleApplication31\</FILEPATH>
        <FILENAME>ConsoleApplication31.cpp</FILENAME>
        <LINE>55</LINE>
        <COLUMN>20</COLUMN>
      </SFA>
      <SFA>
        <FILEPATH>E:\我的文档\学习\暨南大学\学术文件\第二学期\数据结构\C程序\ConsoleApplication31\ConsoleApplication31\</FILEPATH>
        <FILENAME>ConsoleApplication31.cpp</FILENAME>
        <LINE>55</LINE>
        <COLUMN>15</COLUMN>
        <KEYEVENT>
          <ID>2</ID>
          <KIND>分支</KIND>
          <IMPORTANCE>Full</IMPORTANCE>
          <MESSAGE>退出此循环(“v&lt;n”为 false)</MESSAGE>
        </KEYEVENT>
      </SFA>
      <SFA>
        <FILEPATH>E:\我的文档\学习\暨南大学\学术文件\第二学期\数据结构\C程序\ConsoleApplication31\ConsoleApplication31\</FILEPATH>
        <FILENAME>ConsoleApplication31.cpp</FILENAME>
        <LINE>64</LINE>
        <COLUMN>7</COLUMN>
      </SFA>
      <SFA>
        <FILEPATH>E:\我的文档\学习\暨南大学\学术文件\第二学期\数据结构\C程序\ConsoleApplication31\ConsoleApplication31\</FILEPATH>
        <FILENAME>ConsoleApplication31.cpp</FILENAME>
        <LINE>65</LINE>
        <COLUMN>7</COLUMN>
      </SFA>
      <SFA>
        <FILEPATH>E:\我的文档\学习\暨南大学\学术文件\第二学期\数据结构\C程序\ConsoleApplication31\ConsoleApplication31\</FILEPATH>
        <FILENAME>ConsoleApplication31.cpp</FILENAME>
        <LINE>68</LINE>
        <COLUMN>8</COLUMN>
      </SFA>
      <SFA>
        <FILEPATH>E:\我的文档\学习\暨南大学\学术文件\第二学期\数据结构\C程序\ConsoleApplication31\ConsoleApplication31\</FILEPATH>
        <FILENAME>ConsoleApplication31.cpp</FILENAME>
        <LINE>68</LINE>
        <COLUMN>15</COLUMN>
        <KEYEVENT>
          <ID>3</ID>
          <KIND>分支</KIND>
          <IMPORTANCE>Full</IMPORTANCE>
          <MESSAGE>跳过此循环(假定“i&lt;n”为 false)</MESSAGE>
        </KEYEVENT>
      </SFA>
      <SFA>
        <FILEPATH>E:\我的文档\学习\暨南大学\学术文件\第二学期\数据结构\C程序\ConsoleApplication31\ConsoleApplication31\</FILEPATH>
        <FILENAME>ConsoleApplication31.cpp</FILENAME>
        <LINE>87</LINE>
        <COLUMN>8</COLUMN>
      </SFA>
      <SFA>
        <FILEPATH>E:\我的文档\学习\暨南大学\学术文件\第二学期\数据结构\C程序\ConsoleApplication31\ConsoleApplication31\</FILEPATH>
        <FILENAME>ConsoleApplication31.cpp</FILENAME>
        <LINE>87</LINE>
        <COLUMN>15</COLUMN>
      </SFA>
      <SFA>
        <FILEPATH>E:\我的文档\学习\暨南大学\学术文件\第二学期\数据结构\C程序\ConsoleApplication31\ConsoleApplication31\</FILEPATH>
        <FILENAME>ConsoleApplication31.cpp</FILENAME>
        <LINE>88</LINE>
        <COLUMN>14</COLUMN>
      </SFA>
      <SFA>
        <FILEPATH>E:\我的文档\学习\暨南大学\学术文件\第二学期\数据结构\C程序\ConsoleApplication31\ConsoleApplication31\</FILEPATH>
        <FILENAME>ConsoleApplication31.cpp</FILENAME>
        <LINE>89</LINE>
        <COLUMN>11</COLUMN>
      </SFA>
      <SFA>
        <FILEPATH>E:\我的文档\学习\暨南大学\学术文件\第二学期\数据结构\C程序\ConsoleApplication31\ConsoleApplication31\</FILEPATH>
        <FILENAME>ConsoleApplication31.cpp</FILENAME>
        <LINE>87</LINE>
        <COLUMN>21</COLUMN>
      </SFA>
      <SFA>
        <FILEPATH>E:\我的文档\学习\暨南大学\学术文件\第二学期\数据结构\C程序\ConsoleApplication31\ConsoleApplication31\</FILEPATH>
        <FILENAME>ConsoleApplication31.cpp</FILENAME>
        <LINE>87</LINE>
        <COLUMN>15</COLUMN>
      </SFA>
      <SFA>
        <FILEPATH>E:\我的文档\学习\暨南大学\学术文件\第二学期\数据结构\C程序\ConsoleApplication31\ConsoleApplication31\</FILEPATH>
        <FILENAME>ConsoleApplication31.cpp</FILENAME>
        <LINE>90</LINE>
        <COLUMN>8</COLUMN>
      </SFA>
      <SFA>
        <FILEPATH>E:\我的文档\学习\暨南大学\学术文件\第二学期\数据结构\C程序\ConsoleApplication31\ConsoleApplication31\</FILEPATH>
        <FILENAME>ConsoleApplication31.cpp</FILENAME>
        <LINE>90</LINE>
        <COLUMN>15</COLUMN>
        <KEYEVENT>
          <ID>4</ID>
          <KIND>分支</KIND>
          <IMPORTANCE>Full</IMPORTANCE>
          <MESSAGE>进入此循环(假定“i&lt;j”)</MESSAGE>
        </KEYEVENT>
      </SFA>
      <SFA>
        <FILEPATH>E:\我的文档\学习\暨南大学\学术文件\第二学期\数据结构\C程序\ConsoleApplication31\ConsoleApplication31\</FILEPATH>
        <FILENAME>ConsoleApplication31.cpp</FILENAME>
        <LINE>91</LINE>
        <COLUMN>11</COLUMN>
      </SFA>
      <SFA>
        <FILEPATH>E:\我的文档\学习\暨南大学\学术文件\第二学期\数据结构\C程序\ConsoleApplication31\ConsoleApplication31\</FILEPATH>
        <FILENAME>ConsoleApplication31.cpp</FILENAME>
        <LINE>91</LINE>
        <COLUMN>20</COLUMN>
        <KEYEVENT>
          <ID>5</ID>
          <KIND>分支</KIND>
          <IMPORTANCE>Full</IMPORTANCE>
          <MESSAGE>进入此循环(假定“u&lt;j”)</MESSAGE>
        </KEYEVENT>
      </SFA>
      <SFA>
        <FILEPATH>E:\我的文档\学习\暨南大学\学术文件\第二学期\数据结构\C程序\ConsoleApplication31\ConsoleApplication31\</FILEPATH>
        <FILENAME>ConsoleApplication31.cpp</FILENAME>
        <LINE>92</LINE>
        <COLUMN>15</COLUMN>
        <KEYEVENT>
          <ID>6</ID>
          <KIND>分支</KIND>
          <IMPORTANCE>Full</IMPORTANCE>
          <MESSAGE>跳过此分支(假定“D[a[i]]&lt;D[a[u]]”为 false)</MESSAGE>
        </KEYEVENT>
      </SFA>
      <SFA>
        <FILEPATH>E:\我的文档\学习\暨南大学\学术文件\第二学期\数据结构\C程序\ConsoleApplication31\ConsoleApplication31\</FILEPATH>
        <FILENAME>ConsoleApplication31.cpp</FILENAME>
        <LINE>91</LINE>
        <COLUMN>26</COLUMN>
      </SFA>
      <SFA>
        <FILEPATH>E:\我的文档\学习\暨南大学\学术文件\第二学期\数据结构\C程序\ConsoleApplication31\ConsoleApplication31\</FILEPATH>
        <FILENAME>ConsoleApplication31.cpp</FILENAME>
        <LINE>91</LINE>
        <COLUMN>20</COLUMN>
        <KEYEVENT>
          <ID>7</ID>
          <KIND>分支</KIND>
          <IMPORTANCE>Full</IMPORTANCE>
          <MESSAGE>退出此循环(“u&lt;j”为 false)</MESSAGE>
        </KEYEVENT>
      </SFA>
      <SFA>
        <FILEPATH>E:\我的文档\学习\暨南大学\学术文件\第二学期\数据结构\C程序\ConsoleApplication31\ConsoleApplication31\</FILEPATH>
        <FILENAME>ConsoleApplication31.cpp</FILENAME>
        <LINE>90</LINE>
        <COLUMN>21</COLUMN>
      </SFA>
      <SFA>
        <FILEPATH>E:\我的文档\学习\暨南大学\学术文件\第二学期\数据结构\C程序\ConsoleApplication31\ConsoleApplication31\</FILEPATH>
        <FILENAME>ConsoleApplication31.cpp</FILENAME>
        <LINE>90</LINE>
        <COLUMN>15</COLUMN>
        <KEYEVENT>
          <ID>8</ID>
          <KIND>分支</KIND>
          <IMPORTANCE>Full</IMPORTANCE>
          <MESSAGE>退出此循环(“i&lt;j”为 false)</MESSAGE>
        </KEYEVENT>
      </SFA>
      <SFA>
        <FILEPATH>E:\我的文档\学习\暨南大学\学术文件\第二学期\数据结构\C程序\ConsoleApplication31\ConsoleApplication31\</FILEPATH>
        <FILENAME>ConsoleApplication31.cpp</FILENAME>
        <LINE>98</LINE>
        <COLUMN>75</COLUMN>
      </SFA>
      <SFA>
        <FILEPATH>E:\我的文档\学习\暨南大学\学术文件\第二学期\数据结构\C程序\ConsoleApplication31\ConsoleApplication31\</FILEPATH>
        <FILENAME>ConsoleApplication31.cpp</FILENAME>
        <LINE>99</LINE>
        <COLUMN>32</COLUMN>
      </SFA>
      <SFA>
        <FILEPATH>E:\我的文档\学习\暨南大学\学术文件\第二学期\数据结构\C程序\ConsoleApplication31\ConsoleApplication31\</FILEPATH>
        <FILENAME>ConsoleApplication31.cpp</FILENAME>
        <LINE>100</LINE>
        <COLUMN>8</COLUMN>
      </SFA>
      <SFA>
        <FILEPATH>E:\我的文档\学习\暨南大学\学术文件\第二学期\数据结构\C程序\ConsoleApplication31\ConsoleApplication31\</FILEPATH>
        <FILENAME>ConsoleApplication31.cpp</FILENAME>
        <LINE>100</LINE>
        <COLUMN>15</COLUMN>
        <KEYEVENT>
          <ID>9</ID>
          <KIND>分支</KIND>
          <IMPORTANCE>Full</IMPORTANCE>
          <MESSAGE>进入此循环(假定“i&lt;j”)</MESSAGE>
        </KEYEVENT>
      </SFA>
      <SFA>
        <FILEPATH>E:\我的文档\学习\暨南大学\学术文件\第二学期\数据结构\C程序\ConsoleApplication31\ConsoleApplication31\</FILEPATH>
        <FILENAME>ConsoleApplication31.cpp</FILENAME>
        <LINE>102</LINE>
        <COLUMN>8</COLUMN>
      </SFA>
      <SFA>
        <FILEPATH>E:\我的文档\学习\暨南大学\学术文件\第二学期\数据结构\C程序\ConsoleApplication31\ConsoleApplication31\</FILEPATH>
        <FILENAME>ConsoleApplication31.cpp</FILENAME>
        <LINE>103</LINE>
        <COLUMN>8</COLUMN>
        <KEYEVENT>
          <ID>10</ID>
          <KIND>声明</KIND>
          <IMPORTANCE>Full</IMPORTANCE>
          <MESSAGE>“G”是“printf”的输入/输出参数(在 c:\program files (x86)\windows kits\10\include\10.0.18362.0\ucrt\stdio.h:948 处声明)</MESSAGE>
        </KEYEVENT>
      </SFA>
      <SFA>
        <FILEPATH>E:\我的文档\学习\暨南大学\学术文件\第二学期\数据结构\C程序\ConsoleApplication31\ConsoleApplication31\</FILEPATH>
        <FILENAME>ConsoleApplication31.cpp</FILENAME>
        <LINE>104</LINE>
        <COLUMN>4</COLUMN>
        <KEYEVENT>
          <ID>11</ID>
          <KIND>声明</KIND>
          <IMPORTANCE>Essential</IMPORTANCE>
          <MESSAGE>“v”可能等于 -1</MESSAGE>
        </KEYEVENT>
      </SFA>
      <SFA>
        <FILEPATH>E:\我的文档\学习\暨南大学\学术文件\第二学期\数据结构\C程序\ConsoleApplication31\ConsoleApplication31\</FILEPATH>
        <FILENAME>ConsoleApplication31.cpp</FILENAME>
        <LINE>105</LINE>
        <COLUMN>11</COLUMN>
        <KEYEVENT>
          <ID>12</ID>
          <KIND>分支</KIND>
          <IMPORTANCE>Full</IMPORTANCE>
          <MESSAGE>进入此循环(假定“v!=0”)</MESSAGE>
        </KEYEVENT>
      </SFA>
      <SFA>
        <FILEPATH>E:\我的文档\学习\暨南大学\学术文件\第二学期\数据结构\C程序\ConsoleApplication31\ConsoleApplication31\</FILEPATH>
        <FILENAME>ConsoleApplication31.cpp</FILENAME>
        <LINE>107</LINE>
        <COLUMN>16</COLUMN>
        <KEYEVENT>
          <ID>13</ID>
          <KIND>声明</KIND>
          <IMPORTANCE>Full</IMPORTANCE>
          <MESSAGE>“G”是“std::&lt;&lt;”的输入/输出参数(在 c:\program files (x86)\microsoft visual studio\2019\enterprise\vc\tools\msvc\14.25.28610\include\ostream:775 处声明)</MESSAGE>
        </KEYEVENT>
      </SFA>
      <SFA>
        <FILEPATH>E:\我的文档\学习\暨南大学\学术文件\第二学期\数据结构\C程序\ConsoleApplication31\ConsoleApplication31\</FILEPATH>
        <FILENAME>ConsoleApplication31.cpp</FILENAME>
        <LINE>107</LINE>
        <COLUMN>16</COLUMN>
        <KEYEVENT>
          <ID>14</ID>
          <KIND>使用情况</KIND>
          <IMPORTANCE>Essential</IMPORTANCE>
          <MESSAGE>从“G.vexs[-1]”中读取无效(可读范围是 0 到 49)</MESSAGE>
        </KEYEVENT>
      </SFA>
    </PATH>
  </DEFECT></DEFECTS>